{
   "model" : "skipjack",
   "name" : "Skipjack Courier",
   "cockpit" : "",
   "manufacturer" : "kaluri",
   "ship_class" : "medium_courier",
   "min_crew" : 2,
   "max_crew" : 3,
   "price" : 500000.0,
   "hull_mass" : 80,
   "capacity" : 200,
   "slots" : {
      "atmo_shield" : 1,
      "cargo" : 180,
      "scoop" : 3,
      "laser_front" : 1,
      "missile" : 8,
      "sensor" : 1
   },
   "effective_exhaust_velocity" : 16000000.0,
   "thruster_fuel_use" : -1.0,
   "fuel_tank_mass" : 200,
   "hyperdrive_class" : 4,
   "forward_thrust" : 12050000.0,
   "reverse_thrust" : 5000000.0,
   "left_thrust" : 1050000.0,
   "right_thrust" : 1050000.0,
   "up_thrust" : 9500000.0,
   "down_thrust" : 1050000.0,
   "angular_thrust" : 20000000.0,   
   "front_cross_section" : 78,
   "side_cross_section" : 142,
   "top_cross_section" : 223,
   "lift_coeff" : 0.3,
   "aero_stability" : 2.8
}
