{
   "cockpit" : "",
   "forward_thrust" : 7050000.0,
   "reverse_thrust" : 5000000.0,
   "left_thrust" : 1050000.0,
   "right_thrust" : 1050000.0,
   "up_thrust" : 5500000.0,
   "down_thrust" : 1050000.0,
   "angular_thrust" : 20000000.0,
   "effective_exhaust_velocity" : 30000000.0,
   "thruster_fuel_use" : -1.0,
   "fuel_tank_mass" : 500,
   "hull_mass" : 80,
   "hyperdrive_class" : 4,
   "manufacturer" : "kaluri",
   "max_crew" : 3,
   "min_crew" : 2,
   "model" : "courier",
   "name" : "Courier",
   "price" : 500000.0,
   "ship_class" : "light_freighter",
   "capacity" : 400,
   "slots" : {
      "atmo_shield" : 0,
      "cargo" : 180,
      "scoop" : 1,
      "laser_front" : 1,
      "missile" : 5
   }
}
